FacultyID,Day,AvailableStart,AvailableEnd
EDU-F001,Mon,09:00,13:00
EDU-F001,Fri,12:00,14:00
EDU-F001,Thu,09:00,11:00
EDU-F001,Tue,13:00,17:00
EDU-F002,Thu,12:00,16:00
EDU-F002,Tue,12:00,14:00
EDU-F002,Mon,11:00,13:00
EDU-F002,Fri,10:00,13:00
EDU-F002,Wed,11:00,13:00
EDU-F003,Thu,10:00,14:00
EDU-F003,Wed,09:00,13:00
EDU-F003,Tue,10:00,12:00
EDU-F003,Mon,11:00,15:00
EDU-F004,Wed,12:00,14:00
EDU-F004,Mon,08:00,11:00
EDU-F005,Tue,11:00,14:00
EDU-F005,Mon,13:00,15:00
EDU-F005,Thu,08:00,10:00
EDU-F005,Wed,13:00,17:00
EDU-F005,Fri,10:00,14:00
EDU-F006,Fri,10:00,12:00
EDU-F006,Mon,12:00,14:00
EDU-F006,Wed,11:00,13:00
EDU-F006,Thu,08:00,11:00
EDU-F007,Wed,13:00,15:00
EDU-F007,Fri,08:00,10:00
EDU-F008,Mon,11:00,13:00
EDU-F008,Thu,12:00,14:00
EDU-F008,Wed,10:00,13:00
EDU-F008,Fri,12:00,15:00
EDU-F009,Tue,11:00,15:00
EDU-F009,Mon,13:00,17:00
EDU-F009,Wed,09:00,13:00
EDU-F009,Fri,11:00,13:00
EDU-F010,Thu,11:00,14:00
EDU-F010,Wed,08:00,10:00
EDU-F010,Fri,10:00,12:00
EDU-F010,Tue,09:00,13:00
EDU-F011,Fri,09:00,12:00
EDU-F011,Thu,12:00,15:00
EDU-F011,Mon,11:00,14:00
EDU-F011,Tue,10:00,12:00
EDU-F011,Wed,10:00,12:00
EDU-F012,Tue,12:00,15:00
EDU-F012,Mon,11:00,15:00
EDU-F013,Fri,11:00,14:00
EDU-F013,Thu,13:00,15:00
EDU-F014,Tue,13:00,16:00
EDU-F014,Thu,09:00,13:00
EDU-F014,Fri,09:00,13:00
EDU-F015,Fri,10:00,14:00
EDU-F015,Mon,13:00,17:00
EDU-F015,Wed,13:00,15:00
EDU-F015,Tue,11:00,13:00
EDU-F016,Thu,11:00,14:00
EDU-F016,Mon,12:00,14:00
EDU-F017,Wed,10:00,14:00
EDU-F017,Mon,10:00,13:00
EDU-F017,Tue,10:00,13:00
EDU-F017,Fri,12:00,16:00
EDU-F017,Thu,12:00,15:00
EDU-F018,Mon,10:00,12:00
EDU-F018,Thu,12:00,15:00
EDU-F018,Tue,09:00,12:00
EDU-F018,Wed,12:00,15:00
EDU-F019,Mon,12:00,14:00
EDU-F019,Wed,10:00,12:00
EDU-F019,Tue,11:00,13:00
EDU-F020,Mon,12:00,15:00
EDU-F020,Wed,10:00,14:00
EDU-F021,Fri,11:00,14:00
EDU-F021,Thu,10:00,12:00
EDU-F021,Wed,12:00,16:00
EDU-F021,Tue,10:00,13:00
EDU-F022,Mon,08:00,11:00
EDU-F022,Tue,10:00,14:00
EDU-F023,Fri,11:00,14:00
EDU-F023,Tue,12:00,16:00
EDU-F023,Mon,10:00,14:00
EDU-F023,Thu,12:00,16:00
EDU-F023,Wed,08:00,10:00
EDU-F024,Wed,12:00,14:00
EDU-F024,Fri,08:00,12:00
EDU-F024,Mon,10:00,14:00
EDU-F024,Tue,10:00,14:00
EDU-F025,Tue,11:00,13:00
EDU-F025,Wed,08:00,12:00
EDU-F025,Thu,12:00,16:00
EDU-F025,Mon,08:00,11:00
EDU-F025,Fri,12:00,16:00
EDU-F026,Thu,08:00,11:00
EDU-F026,Mon,13:00,17:00
EDU-F027,Wed,08:00,12:00
EDU-F027,Thu,08:00,12:00
EDU-F028,Tue,11:00,15:00
EDU-F028,Fri,12:00,15:00
EDU-F029,Fri,12:00,14:00
EDU-F029,Tue,09:00,11:00
EDU-F029,Thu,12:00,16:00
EDU-F030,Mon,08:00,10:00
EDU-F030,Fri,12:00,15:00
EDU-F031,Fri,09:00,13:00
EDU-F031,Thu,09:00,12:00
EDU-F031,Mon,10:00,12:00
EDU-F031,Wed,08:00,11:00
EDU-F031,Tue,13:00,15:00
EDU-F032,Wed,11:00,15:00
EDU-F032,Tue,11:00,13:00
EDU-F033,Tue,12:00,14:00
EDU-F033,Thu,11:00,13:00
EDU-F034,Tue,09:00,13:00
EDU-F034,Fri,09:00,12:00
EDU-F034,Mon,08:00,11:00
EDU-F035,Thu,09:00,13:00
EDU-F035,Wed,11:00,15:00
EDU-F035,Tue,13:00,17:00
EDU-F035,Mon,09:00,12:00
EDU-F036,Thu,08:00,10:00
EDU-F036,Fri,09:00,12:00
EDU-F036,Mon,11:00,13:00
EDU-F036,Wed,08:00,11:00
EDU-F037,Fri,10:00,13:00
EDU-F037,Wed,13:00,15:00
EDU-F037,Mon,08:00,11:00
EDU-F037,Tue,10:00,14:00
EDU-F037,Thu,09:00,12:00
EDU-F038,Thu,09:00,12:00
EDU-F038,Wed,08:00,11:00
EDU-F038,Tue,13:00,15:00
EDU-F039,Tue,08:00,10:00
EDU-F039,Fri,10:00,14:00
EDU-F039,Wed,09:00,13:00
EDU-F039,Mon,11:00,14:00
EDU-F040,Tue,09:00,13:00
EDU-F040,Wed,11:00,14:00
EDU-F040,Fri,13:00,17:00
EDU-F041,Wed,09:00,11:00
EDU-F041,Thu,11:00,15:00
EDU-F041,Fri,09:00,13:00
EDU-F042,Fri,12:00,14:00
EDU-F042,Thu,11:00,15:00
EDU-F042,Wed,12:00,14:00
EDU-F042,Tue,09:00,11:00
EDU-F043,Fri,13:00,16:00
EDU-F043,Wed,08:00,12:00
EDU-F044,Wed,13:00,15:00
EDU-F044,Mon,13:00,15:00
EDU-F044,Tue,09:00,12:00
EDU-F045,Mon,10:00,14:00
EDU-F045,Fri,10:00,12:00
EDU-F045,Wed,08:00,12:00
EDU-F046,Mon,13:00,16:00
EDU-F046,Tue,10:00,13:00
EDU-F046,Thu,11:00,14:00
EDU-F046,Fri,13:00,17:00
EDU-F047,Wed,10:00,14:00
EDU-F047,Tue,13:00,17:00
EDU-F047,Mon,10:00,13:00
EDU-F048,Thu,11:00,14:00
EDU-F048,Tue,13:00,15:00
EDU-F049,Wed,12:00,16:00
EDU-F049,Mon,09:00,13:00
EDU-F049,Tue,13:00,15:00
EDU-F050,Mon,09:00,12:00
EDU-F050,Tue,13:00,15:00
EDU-F050,Thu,12:00,15:00
EDU-F050,Fri,13:00,17:00
EDU-F050,Wed,09:00,13:00
EDU-F051,Fri,12:00,15:00
EDU-F051,Thu,11:00,15:00
EDU-F051,Wed,13:00,17:00
EDU-F052,Mon,08:00,12:00
EDU-F052,Fri,12:00,16:00
EDU-F052,Wed,08:00,10:00
EDU-F052,Tue,13:00,15:00
EDU-F053,Wed,10:00,14:00
EDU-F053,Tue,08:00,11:00
EDU-F054,Fri,11:00,14:00
EDU-F054,Tue,10:00,14:00
EDU-F054,Thu,12:00,16:00
EDU-F054,Mon,13:00,17:00
EDU-F054,Wed,13:00,16:00
EDU-F055,Tue,13:00,17:00
EDU-F055,Thu,09:00,12:00
EDU-F056,Mon,12:00,14:00
EDU-F056,Wed,13:00,15:00
EDU-F056,Fri,12:00,15:00
EDU-F057,Mon,10:00,13:00
EDU-F057,Tue,08:00,10:00
EDU-F057,Thu,13:00,16:00
EDU-F058,Tue,11:00,13:00
EDU-F058,Thu,13:00,15:00
EDU-F058,Wed,08:00,12:00
EDU-F059,Tue,13:00,15:00
EDU-F059,Wed,12:00,16:00
EDU-F059,Thu,09:00,12:00
EDU-F059,Fri,13:00,15:00
EDU-F059,Mon,12:00,15:00
EDU-F060,Tue,09:00,11:00
EDU-F060,Thu,13:00,16:00
EDU-F060,Fri,08:00,11:00
EDU-F061,Tue,09:00,11:00
EDU-F061,Mon,13:00,16:00
EDU-F061,Thu,11:00,13:00
EDU-F061,Fri,09:00,12:00
EDU-F061,Wed,11:00,14:00
EDU-F062,Wed,08:00,10:00
EDU-F062,Tue,11:00,14:00
EDU-F062,Fri,08:00,12:00
EDU-F062,Mon,13:00,16:00
EDU-F063,Mon,09:00,13:00
EDU-F063,Thu,10:00,12:00
EDU-F063,Tue,10:00,12:00
EDU-F063,Wed,13:00,16:00
EDU-F064,Tue,08:00,11:00
EDU-F064,Mon,09:00,12:00
EDU-F064,Thu,10:00,12:00
EDU-F064,Wed,13:00,17:00
EDU-F065,Mon,12:00,15:00
EDU-F065,Wed,11:00,13:00
EDU-F065,Thu,13:00,16:00
EDU-F066,Tue,10:00,12:00
EDU-F066,Wed,08:00,10:00
EDU-F066,Mon,08:00,12:00
EDU-F066,Fri,13:00,17:00
EDU-F067,Mon,13:00,15:00
EDU-F067,Tue,10:00,14:00
EDU-F067,Thu,12:00,16:00
EDU-F067,Wed,08:00,10:00
EDU-F067,Fri,13:00,15:00
EDU-F068,Tue,11:00,13:00
EDU-F068,Thu,08:00,11:00
EDU-F068,Wed,11:00,13:00
EDU-F069,Wed,12:00,16:00
EDU-F069,Mon,11:00,13:00
EDU-F069,Thu,10:00,12:00
EDU-F070,Fri,10:00,12:00
EDU-F070,Thu,11:00,13:00
EDU-F071,Tue,08:00,11:00
EDU-F071,Thu,12:00,16:00
EDU-F071,Fri,10:00,14:00
EDU-F072,Thu,10:00,14:00
EDU-F072,Mon,11:00,14:00
EDU-F072,Wed,12:00,16:00
EDU-F073,Thu,13:00,17:00
EDU-F073,Mon,10:00,14:00
EDU-F073,Fri,13:00,16:00
EDU-F074,Wed,10:00,14:00
EDU-F074,Thu,13:00,15:00
EDU-F074,Fri,09:00,11:00
EDU-F074,Mon,13:00,17:00
EDU-F074,Tue,11:00,15:00
EDU-F075,Tue,12:00,16:00
EDU-F075,Wed,11:00,14:00
EDU-F076,Fri,10:00,12:00
EDU-F076,Thu,09:00,11:00
EDU-F076,Tue,09:00,13:00
EDU-F077,Tue,13:00,15:00
EDU-F077,Wed,09:00,13:00
EDU-F078,Thu,09:00,13:00
EDU-F078,Tue,12:00,16:00
EDU-F078,Wed,08:00,12:00
EDU-F078,Fri,12:00,16:00
EDU-F079,Thu,11:00,13:00
EDU-F079,Mon,12:00,16:00
EDU-F080,Fri,11:00,15:00
EDU-F080,Mon,11:00,15:00
EDU-F081,Tue,09:00,12:00
EDU-F081,Thu,12:00,14:00
EDU-F081,Mon,11:00,13:00
EDU-F082,Wed,08:00,12:00
EDU-F082,Mon,12:00,14:00
EDU-F083,Wed,08:00,12:00
EDU-F083,Mon,09:00,13:00
EDU-F083,Fri,08:00,12:00
EDU-F083,Thu,10:00,12:00
EDU-F083,Tue,10:00,14:00
EDU-F084,Mon,10:00,14:00
EDU-F084,Wed,13:00,17:00
EDU-F084,Fri,10:00,14:00
EDU-F084,Thu,11:00,13:00
EDU-F085,Mon,12:00,14:00
EDU-F085,Wed,08:00,12:00
EDU-F085,Thu,09:00,12:00
EDU-F085,Tue,10:00,12:00
EDU-F086,Mon,08:00,10:00
EDU-F086,Thu,10:00,12:00
EDU-F086,Fri,09:00,13:00
EDU-F086,Wed,10:00,14:00
EDU-F086,Tue,13:00,16:00
EDU-F087,Fri,13:00,16:00
EDU-F087,Wed,11:00,13:00
EDU-F087,Thu,08:00,11:00
EDU-F088,Thu,08:00,10:00
EDU-F088,Fri,09:00,13:00
EDU-F088,Mon,13:00,17:00
EDU-F089,Thu,09:00,13:00
EDU-F089,Tue,12:00,14:00
EDU-F089,Wed,10:00,13:00
EDU-F089,Fri,12:00,14:00
EDU-F089,Mon,10:00,12:00
EDU-F090,Tue,10:00,14:00
EDU-F090,Fri,11:00,14:00
EDU-F091,Thu,12:00,15:00
EDU-F091,Wed,10:00,12:00
EDU-F091,Tue,08:00,10:00
EDU-F091,Mon,11:00,15:00
EDU-F091,Fri,08:00,12:00
EDU-F092,Tue,10:00,12:00
EDU-F092,Wed,12:00,15:00
EDU-F092,Fri,10:00,14:00
EDU-F093,Mon,11:00,15:00
EDU-F093,Fri,12:00,16:00
EDU-F093,Thu,08:00,11:00
EDU-F094,Tue,10:00,13:00
EDU-F094,Fri,13:00,16:00
EDU-F094,Wed,12:00,16:00
EDU-F094,Mon,09:00,12:00
EDU-F095,Wed,11:00,15:00
EDU-F095,Mon,10:00,12:00
EDU-F095,Fri,09:00,12:00
EDU-F095,Tue,09:00,11:00
EDU-F095,Thu,09:00,11:00
EDU-F096,Thu,12:00,14:00
EDU-F096,Fri,09:00,12:00
EDU-F096,Tue,13:00,16:00
EDU-F096,Wed,10:00,14:00
EDU-F096,Mon,12:00,16:00
EDU-F097,Mon,12:00,14:00
EDU-F097,Tue,10:00,14:00
EDU-F097,Wed,10:00,13:00
EDU-F097,Fri,10:00,14:00
EDU-F098,Mon,10:00,14:00
EDU-F098,Thu,08:00,10:00
EDU-F098,Tue,13:00,16:00
EDU-F098,Fri,09:00,13:00
EDU-F098,Wed,08:00,10:00
EDU-F099,Thu,09:00,13:00
EDU-F099,Fri,10:00,14:00
EDU-F100,Tue,13:00,15:00
EDU-F100,Fri,09:00,13:00
EDU-F101,Mon,12:00,15:00
EDU-F101,Fri,13:00,15:00
EDU-F102,Tue,12:00,16:00
EDU-F102,Wed,08:00,12:00
EDU-F103,Mon,13:00,15:00
EDU-F103,Tue,13:00,16:00
EDU-F103,Thu,11:00,15:00
EDU-F103,Wed,13:00,16:00
EDU-F104,Mon,08:00,12:00
EDU-F104,Thu,12:00,15:00
EDU-F104,Fri,11:00,15:00
EDU-F105,Wed,12:00,16:00
EDU-F105,Thu,10:00,12:00
EDU-F105,Mon,11:00,15:00
EDU-F105,Fri,13:00,17:00
EDU-F105,Tue,10:00,12:00
EDU-F106,Mon,09:00,11:00
EDU-F106,Tue,12:00,14:00
EDU-F107,Wed,13:00,17:00
EDU-F107,Thu,12:00,15:00
EDU-F107,Tue,09:00,13:00
EDU-F107,Mon,12:00,15:00
EDU-F108,Mon,10:00,14:00
EDU-F108,Wed,12:00,15:00
EDU-F108,Thu,09:00,12:00
EDU-F108,Tue,08:00,12:00
EDU-F108,Fri,11:00,13:00
EDU-F109,Tue,08:00,12:00
EDU-F109,Fri,09:00,11:00
EDU-F109,Thu,08:00,12:00
EDU-F109,Mon,12:00,14:00
EDU-F110,Wed,09:00,11:00
EDU-F110,Fri,13:00,15:00
EDU-F110,Thu,12:00,14:00
EDU-F111,Tue,13:00,16:00
EDU-F111,Thu,11:00,14:00
EDU-F111,Fri,09:00,12:00
EDU-F111,Mon,08:00,10:00
EDU-F112,Mon,13:00,16:00
EDU-F112,Thu,08:00,10:00
EDU-F113,Thu,10:00,12:00
EDU-F113,Fri,10:00,14:00
EDU-F113,Wed,11:00,13:00
EDU-F113,Mon,09:00,12:00
EDU-F113,Tue,09:00,12:00
EDU-F114,Wed,11:00,14:00
EDU-F114,Fri,09:00,12:00
EDU-F114,Tue,10:00,12:00
EDU-F114,Mon,10:00,12:00
EDU-F114,Thu,11:00,13:00
EDU-F115,Wed,12:00,14:00
EDU-F115,Thu,09:00,13:00
EDU-F115,Mon,10:00,12:00
EDU-F116,Tue,08:00,10:00
EDU-F116,Thu,08:00,10:00
EDU-F116,Mon,10:00,12:00
EDU-F116,Fri,12:00,16:00
EDU-F116,Wed,10:00,12:00
EDU-F117,Thu,11:00,14:00
EDU-F117,Fri,13:00,17:00
EDU-F117,Mon,13:00,16:00
EDU-F118,Mon,08:00,10:00
EDU-F118,Tue,12:00,16:00
EDU-F118,Fri,09:00,13:00
EDU-F118,Wed,11:00,15:00
EDU-F119,Mon,10:00,12:00
EDU-F119,Fri,08:00,10:00
EDU-F120,Tue,13:00,17:00
EDU-F120,Thu,09:00,13:00
EDU-F120,Mon,13:00,17:00
EDU-F120,Wed,12:00,14:00
EDU-F120,Fri,12:00,15:00
EDU-F121,Mon,10:00,14:00
EDU-F121,Wed,09:00,11:00
EDU-F121,Fri,10:00,13:00
EDU-F121,Thu,08:00,10:00
EDU-F121,Tue,09:00,13:00
EDU-F122,Thu,10:00,12:00
EDU-F122,Wed,10:00,14:00
EDU-F123,Thu,12:00,15:00
EDU-F123,Wed,13:00,16:00
EDU-F124,Thu,11:00,13:00
EDU-F124,Fri,11:00,14:00
EDU-F124,Tue,11:00,13:00
EDU-F124,Wed,13:00,15:00
EDU-F125,Fri,12:00,16:00
EDU-F125,Wed,11:00,13:00
EDU-F125,Thu,09:00,13:00
EDU-F126,Mon,13:00,15:00
EDU-F126,Fri,11:00,15:00
EDU-F127,Thu,11:00,15:00
EDU-F127,Wed,13:00,16:00
EDU-F127,Tue,12:00,15:00
EDU-F127,Mon,12:00,16:00
EDU-F128,Tue,12:00,15:00
EDU-F128,Thu,12:00,16:00
EDU-F128,Fri,13:00,16:00
EDU-F128,Mon,08:00,12:00
EDU-F128,Wed,12:00,16:00
EDU-F129,Fri,11:00,15:00
EDU-F129,Wed,10:00,14:00
EDU-F129,Tue,12:00,15:00
EDU-F130,Tue,10:00,14:00
EDU-F130,Mon,09:00,13:00
EDU-F130,Wed,09:00,12:00
EDU-F131,Tue,11:00,13:00
EDU-F131,Fri,13:00,17:00
EDU-F131,Wed,08:00,11:00
EDU-F132,Wed,13:00,16:00
EDU-F132,Thu,11:00,13:00
EDU-F132,Mon,10:00,13:00
EDU-F132,Tue,13:00,17:00
EDU-F132,Fri,12:00,15:00
EDU-F133,Mon,13:00,15:00
EDU-F133,Wed,11:00,15:00
EDU-F133,Tue,11:00,15:00
EDU-F133,Thu,09:00,13:00
EDU-F133,Fri,09:00,11:00
EDU-F134,Wed,13:00,15:00
EDU-F134,Thu,12:00,15:00
EDU-F134,Fri,12:00,15:00
EDU-F135,Wed,12:00,15:00
EDU-F135,Mon,08:00,12:00
EDU-F135,Fri,09:00,12:00
EDU-F135,Thu,13:00,17:00
EDU-F135,Tue,10:00,13:00
EDU-F136,Tue,12:00,16:00
EDU-F136,Wed,11:00,13:00
EDU-F136,Fri,09:00,11:00
EDU-F136,Mon,11:00,14:00
EDU-F137,Mon,08:00,12:00
EDU-F137,Thu,10:00,13:00
EDU-F137,Tue,11:00,15:00
EDU-F137,Wed,12:00,15:00
EDU-F138,Tue,12:00,14:00
EDU-F138,Thu,13:00,17:00
EDU-F138,Wed,10:00,12:00
EDU-F138,Mon,13:00,15:00
EDU-F139,Mon,11:00,15:00
EDU-F139,Fri,11:00,14:00
EDU-F139,Tue,13:00,15:00
EDU-F139,Wed,08:00,12:00
EDU-F140,Thu,08:00,11:00
EDU-F140,Fri,11:00,14:00
EDU-F140,Tue,09:00,13:00
EDU-F140,Wed,08:00,12:00
EDU-F140,Mon,09:00,13:00
EDU-F141,Thu,10:00,14:00
EDU-F141,Mon,10:00,13:00
EDU-F141,Wed,11:00,13:00
EDU-F142,Tue,12:00,14:00
EDU-F142,Mon,08:00,11:00
EDU-F143,Tue,08:00,12:00
EDU-F143,Thu,09:00,13:00
EDU-F144,Thu,12:00,14:00
EDU-F144,Mon,11:00,13:00
EDU-F144,Wed,13:00,15:00
EDU-F144,Tue,10:00,13:00
EDU-F145,Fri,12:00,15:00
EDU-F145,Mon,12:00,15:00
EDU-F145,Thu,08:00,11:00
EDU-F146,Wed,13:00,15:00
EDU-F146,Fri,10:00,13:00
EDU-F146,Thu,09:00,12:00
EDU-F146,Tue,11:00,15:00
EDU-F146,Mon,10:00,13:00
EDU-F147,Tue,12:00,16:00
EDU-F147,Mon,10:00,13:00
EDU-F147,Thu,13:00,16:00
EDU-F148,Wed,11:00,15:00
EDU-F148,Fri,12:00,16:00
EDU-F148,Mon,08:00,12:00
EDU-F149,Mon,08:00,11:00
EDU-F149,Fri,09:00,12:00
EDU-F149,Tue,10:00,12:00
EDU-F149,Wed,13:00,15:00
EDU-F150,Thu,09:00,12:00
EDU-F150,Fri,13:00,15:00
EDU-F150,Mon,08:00,10:00
EDU-F150,Wed,08:00,12:00
EDU-F150,Tue,11:00,13:00
EDU-F151,Fri,11:00,13:00
EDU-F151,Tue,13:00,17:00
EDU-F152,Tue,12:00,14:00
EDU-F152,Fri,11:00,13:00
EDU-F152,Mon,09:00,11:00
EDU-F152,Wed,08:00,11:00
EDU-F153,Wed,11:00,13:00
EDU-F153,Thu,08:00,12:00
EDU-F153,Fri,09:00,11:00
EDU-F154,Thu,12:00,15:00
EDU-F154,Wed,13:00,17:00
EDU-F154,Mon,13:00,15:00
EDU-F155,Wed,09:00,13:00
EDU-F155,Fri,09:00,12:00
EDU-F155,Thu,08:00,11:00
EDU-F155,Mon,11:00,13:00
EDU-F156,Tue,09:00,13:00
EDU-F156,Mon,09:00,12:00
EDU-F156,Thu,10:00,14:00
EDU-F156,Fri,11:00,13:00
EDU-F157,Wed,13:00,15:00
EDU-F157,Mon,13:00,17:00
EDU-F158,Wed,10:00,12:00
EDU-F158,Thu,11:00,13:00
EDU-F159,Thu,12:00,16:00
EDU-F159,Wed,12:00,14:00
EDU-F159,Tue,09:00,11:00
EDU-F160,Wed,12:00,16:00
EDU-F160,Tue,08:00,10:00
EDU-F160,Fri,10:00,12:00
EDU-F160,Thu,09:00,13:00
EDU-F160,Mon,10:00,12:00
EDU-F161,Wed,11:00,13:00
EDU-F161,Fri,10:00,14:00
EDU-F161,Tue,10:00,12:00
EDU-F162,Wed,13:00,17:00
EDU-F162,Mon,11:00,13:00
EDU-F163,Tue,11:00,13:00
EDU-F163,Thu,08:00,10:00
EDU-F164,Thu,11:00,15:00
EDU-F164,Tue,10:00,12:00
EDU-F165,Tue,10:00,12:00
EDU-F165,Wed,13:00,16:00
EDU-F165,Mon,10:00,12:00
EDU-F165,Thu,10:00,12:00
EDU-F166,Tue,09:00,12:00
EDU-F166,Mon,10:00,14:00
EDU-F167,Wed,09:00,11:00
EDU-F167,Thu,12:00,16:00
EDU-F168,Fri,10:00,12:00
EDU-F168,Wed,10:00,13:00
EDU-F169,Tue,12:00,16:00
EDU-F169,Fri,09:00,11:00
EDU-F169,Wed,08:00,10:00
EDU-F170,Thu,13:00,17:00
EDU-F170,Tue,09:00,11:00
EDU-F171,Tue,11:00,14:00
EDU-F171,Wed,12:00,16:00
EDU-F171,Mon,08:00,11:00
EDU-F172,Mon,09:00,11:00
EDU-F172,Tue,12:00,16:00
EDU-F173,Tue,12:00,15:00
EDU-F173,Mon,08:00,10:00
EDU-F174,Fri,10:00,12:00
EDU-F174,Tue,11:00,15:00
EDU-F174,Thu,09:00,11:00
EDU-F175,Thu,09:00,11:00
EDU-F175,Fri,13:00,17:00
EDU-F175,Mon,13:00,15:00
EDU-F175,Wed,09:00,12:00
EDU-F176,Tue,13:00,16:00
EDU-F176,Fri,13:00,15:00
EDU-F176,Mon,08:00,11:00
EDU-F177,Thu,08:00,12:00
EDU-F177,Wed,13:00,15:00
EDU-F178,Mon,08:00,12:00
EDU-F178,Wed,13:00,16:00
EDU-F178,Tue,12:00,14:00
EDU-F179,Thu,13:00,16:00
EDU-F179,Tue,13:00,17:00
EDU-F179,Fri,09:00,12:00
EDU-F179,Wed,11:00,15:00
EDU-F179,Mon,12:00,15:00
EDU-F180,Mon,09:00,11:00
EDU-F180,Wed,09:00,13:00
EDU-F181,Fri,13:00,16:00
EDU-F181,Tue,13:00,17:00
EDU-F181,Thu,10:00,13:00
EDU-F181,Mon,11:00,13:00
EDU-F181,Wed,09:00,13:00
EDU-F182,Fri,10:00,13:00
EDU-F182,Thu,12:00,14:00
EDU-F182,Tue,08:00,11:00
EDU-F182,Mon,11:00,14:00
EDU-F183,Thu,08:00,11:00
EDU-F183,Tue,11:00,14:00
EDU-F183,Fri,12:00,14:00
EDU-F183,Mon,10:00,13:00
EDU-F184,Wed,13:00,16:00
EDU-F184,Tue,11:00,15:00
EDU-F185,Mon,13:00,15:00
EDU-F185,Tue,11:00,13:00
EDU-F185,Wed,11:00,14:00
EDU-F186,Tue,10:00,14:00
EDU-F186,Wed,11:00,14:00
EDU-F186,Mon,11:00,14:00
EDU-F186,Thu,12:00,16:00
EDU-F187,Tue,08:00,10:00
EDU-F187,Thu,09:00,11:00
EDU-F187,Wed,09:00,12:00
EDU-F188,Wed,09:00,12:00
EDU-F188,Mon,13:00,16:00
EDU-F188,Fri,08:00,12:00
EDU-F188,Tue,12:00,15:00
EDU-F189,Wed,12:00,16:00
EDU-F189,Fri,08:00,12:00
EDU-F189,Tue,11:00,14:00
EDU-F189,Thu,10:00,14:00
EDU-F189,Mon,08:00,10:00
EDU-F190,Fri,11:00,14:00
EDU-F190,Thu,12:00,14:00
EDU-F191,Mon,10:00,12:00
EDU-F191,Wed,09:00,13:00
EDU-F191,Tue,12:00,16:00
EDU-F191,Fri,08:00,11:00
EDU-F191,Thu,09:00,13:00
EDU-F192,Tue,11:00,15:00
EDU-F192,Wed,11:00,15:00
EDU-F192,Thu,08:00,12:00
EDU-F192,Mon,13:00,16:00
EDU-F193,Wed,08:00,12:00
EDU-F193,Fri,10:00,12:00
EDU-F193,Tue,09:00,13:00
EDU-F193,Mon,08:00,10:00
EDU-F193,Thu,10:00,14:00
EDU-F194,Wed,10:00,13:00
EDU-F194,Mon,10:00,14:00
EDU-F194,Fri,09:00,12:00
EDU-F195,Thu,11:00,14:00
EDU-F195,Tue,08:00,12:00
EDU-F195,Wed,10:00,13:00
EDU-F195,Fri,11:00,14:00
EDU-F196,Thu,12:00,15:00
EDU-F196,Wed,13:00,15:00
EDU-F196,Mon,10:00,12:00
EDU-F196,Fri,09:00,12:00
EDU-F196,Tue,12:00,15:00
EDU-F197,Mon,12:00,15:00
EDU-F197,Wed,13:00,15:00
EDU-F197,Tue,10:00,13:00
EDU-F197,Thu,08:00,10:00
EDU-F197,Fri,12:00,16:00
EDU-F198,Wed,08:00,12:00
EDU-F198,Fri,08:00,12:00
EDU-F198,Tue,13:00,16:00
EDU-F198,Mon,13:00,15:00
EDU-F199,Tue,11:00,14:00
EDU-F199,Fri,13:00,16:00
EDU-F199,Wed,11:00,14:00
EDU-F199,Mon,11:00,14:00
EDU-F200,Tue,13:00,16:00
EDU-F200,Fri,09:00,11:00
EDU-F200,Wed,10:00,14:00
EDU-F200,Thu,08:00,11:00
EDU-F201,Fri,12:00,16:00
EDU-F201,Mon,09:00,13:00
EDU-F202,Thu,09:00,11:00
EDU-F202,Tue,13:00,15:00
EDU-F202,Wed,12:00,14:00
EDU-F202,Fri,10:00,12:00
EDU-F202,Mon,13:00,17:00
EDU-F203,Wed,13:00,15:00
EDU-F203,Tue,12:00,16:00
EDU-F203,Fri,12:00,15:00
EDU-F203,Thu,12:00,14:00
EDU-F203,Mon,09:00,12:00
EDU-F204,Wed,10:00,12:00
EDU-F204,Mon,13:00,17:00
EDU-F205,Mon,09:00,11:00
EDU-F205,Wed,11:00,15:00
EDU-F206,Thu,08:00,11:00
EDU-F206,Wed,12:00,16:00
EDU-F206,Fri,12:00,14:00
EDU-F207,Fri,08:00,11:00
EDU-F207,Thu,09:00,12:00
EDU-F208,Wed,10:00,14:00
EDU-F208,Tue,12:00,16:00
EDU-F208,Mon,08:00,10:00
EDU-F208,Fri,09:00,11:00
EDU-F209,Thu,13:00,15:00
EDU-F209,Wed,12:00,14:00
EDU-F209,Mon,11:00,14:00
EDU-F209,Tue,12:00,16:00
EDU-F210,Tue,08:00,12:00
EDU-F210,Mon,11:00,15:00
EDU-F210,Fri,09:00,12:00
EDU-F210,Wed,11:00,15:00
EDU-F210,Thu,13:00,17:00
EDU-F211,Tue,11:00,13:00
EDU-F211,Wed,10:00,12:00
EDU-F211,Thu,08:00,12:00
EDU-F211,Mon,12:00,14:00
EDU-F211,Fri,11:00,13:00
EDU-F212,Wed,13:00,16:00
EDU-F212,Tue,13:00,15:00
EDU-F212,Fri,13:00,17:00
EDU-F213,Mon,09:00,12:00
EDU-F213,Wed,08:00,12:00
EDU-F214,Fri,12:00,16:00
EDU-F214,Wed,10:00,13:00
EDU-F214,Thu,10:00,12:00
EDU-F214,Mon,08:00,12:00
EDU-F215,Wed,13:00,16:00
EDU-F215,Thu,08:00,11:00
EDU-F215,Mon,08:00,10:00
EDU-F216,Thu,10:00,13:00
EDU-F216,Fri,09:00,11:00
EDU-F216,Mon,12:00,16:00
EDU-F216,Tue,10:00,14:00
EDU-F217,Tue,13:00,16:00
EDU-F217,Wed,12:00,15:00
EDU-F217,Fri,13:00,17:00
EDU-F217,Mon,11:00,13:00
EDU-F217,Thu,11:00,13:00
EDU-F218,Mon,13:00,17:00
EDU-F218,Fri,12:00,15:00
EDU-F218,Thu,08:00,10:00
EDU-F219,Thu,09:00,13:00
EDU-F219,Mon,12:00,14:00
EDU-F220,Wed,08:00,10:00
EDU-F220,Thu,09:00,12:00
EDU-F220,Tue,11:00,13:00
EDU-F220,Mon,08:00,12:00
EDU-F221,Tue,12:00,16:00
EDU-F221,Thu,13:00,17:00
EDU-F221,Fri,13:00,16:00
EDU-F222,Fri,11:00,13:00
EDU-F222,Mon,11:00,15:00
EDU-F223,Thu,09:00,11:00
EDU-F223,Fri,11:00,15:00
EDU-F223,Wed,11:00,13:00
EDU-F224,Tue,12:00,16:00
EDU-F224,Mon,09:00,13:00
EDU-F224,Fri,13:00,17:00
EDU-F225,Tue,09:00,11:00
EDU-F225,Mon,08:00,11:00
EDU-F226,Thu,09:00,13:00
EDU-F226,Tue,08:00,12:00
EDU-F227,Wed,11:00,13:00
EDU-F227,Mon,13:00,15:00
EDU-F227,Thu,09:00,11:00
EDU-F227,Tue,12:00,14:00
EDU-F227,Fri,12:00,16:00
EDU-F228,Mon,08:00,12:00
EDU-F228,Thu,13:00,15:00
EDU-F228,Fri,12:00,16:00
EDU-F228,Wed,12:00,16:00
EDU-F229,Mon,11:00,14:00
EDU-F229,Wed,13:00,15:00
EDU-F230,Mon,11:00,13:00
EDU-F230,Tue,08:00,12:00
EDU-F230,Wed,13:00,17:00
EDU-F231,Thu,08:00,12:00
EDU-F231,Mon,12:00,15:00
EDU-F231,Wed,13:00,15:00
EDU-F232,Tue,08:00,11:00
EDU-F232,Mon,10:00,13:00
EDU-F233,Wed,09:00,11:00
EDU-F233,Tue,08:00,10:00
EDU-F233,Thu,08:00,10:00
EDU-F233,Fri,13:00,17:00
EDU-F234,Fri,11:00,15:00
EDU-F234,Thu,12:00,16:00
EDU-F234,Tue,09:00,13:00
EDU-F235,Mon,13:00,17:00
EDU-F235,Fri,08:00,12:00
EDU-F236,Thu,12:00,15:00
EDU-F236,Mon,11:00,14:00
EDU-F236,Fri,13:00,15:00
EDU-F237,Wed,11:00,13:00
EDU-F237,Fri,09:00,12:00
EDU-F237,Mon,09:00,13:00
EDU-F237,Tue,13:00,16:00
EDU-F238,Wed,12:00,14:00
EDU-F238,Tue,10:00,12:00
EDU-F238,Mon,12:00,15:00
EDU-F238,Thu,10:00,12:00
EDU-F239,Wed,09:00,11:00
EDU-F239,Mon,08:00,11:00
EDU-F239,Fri,11:00,15:00
EDU-F240,Wed,11:00,13:00
EDU-F240,Mon,09:00,13:00
EDU-F240,Fri,08:00,12:00
EDU-F240,Thu,13:00,17:00
EDU-F241,Thu,09:00,11:00
EDU-F241,Mon,10:00,12:00
EDU-F241,Wed,13:00,16:00
EDU-F242,Mon,13:00,17:00
EDU-F242,Tue,10:00,13:00
EDU-F242,Wed,09:00,12:00
EDU-F242,Thu,10:00,12:00
EDU-F242,Fri,08:00,12:00
EDU-F243,Wed,08:00,12:00
EDU-F243,Tue,08:00,12:00
EDU-F243,Fri,11:00,14:00
EDU-F244,Mon,12:00,14:00
EDU-F244,Fri,08:00,11:00
EDU-F245,Tue,13:00,16:00
EDU-F245,Mon,13:00,17:00
EDU-F246,Thu,10:00,13:00
EDU-F246,Tue,11:00,15:00
EDU-F246,Mon,13:00,15:00
EDU-F246,Fri,11:00,15:00
EDU-F247,Thu,10:00,12:00
EDU-F247,Wed,08:00,11:00
EDU-F248,Mon,13:00,16:00
EDU-F248,Tue,10:00,14:00
EDU-F248,Thu,08:00,10:00
EDU-F249,Mon,13:00,17:00
EDU-F249,Tue,12:00,15:00
EDU-F250,Tue,08:00,10:00
EDU-F250,Mon,11:00,14:00
EDU-F250,Thu,13:00,15:00
EDU-F250,Fri,12:00,16:00
EDU-F251,Mon,08:00,11:00
EDU-F251,Fri,09:00,12:00
EDU-F251,Tue,10:00,14:00
EDU-F252,Tue,10:00,13:00
EDU-F252,Wed,10:00,12:00
EDU-F252,Thu,12:00,16:00
EDU-F253,Tue,10:00,13:00
EDU-F253,Fri,08:00,10:00
EDU-F254,Tue,09:00,13:00
EDU-F254,Thu,11:00,14:00
EDU-F254,Fri,08:00,10:00
EDU-F255,Thu,09:00,12:00
EDU-F255,Wed,08:00,11:00
EDU-F256,Thu,08:00,11:00
EDU-F256,Mon,08:00,11:00
EDU-F256,Fri,11:00,13:00
EDU-F256,Tue,09:00,12:00
EDU-F256,Wed,11:00,13:00
EDU-F257,Tue,10:00,13:00
EDU-F257,Mon,11:00,14:00
EDU-F258,Wed,12:00,14:00
EDU-F258,Mon,11:00,15:00
EDU-F258,Thu,09:00,13:00
EDU-F259,Mon,12:00,14:00
EDU-F259,Fri,12:00,15:00
EDU-F259,Tue,09:00,11:00
EDU-F259,Thu,08:00,11:00
EDU-F259,Wed,10:00,13:00
EDU-F260,Tue,09:00,12:00
EDU-F260,Mon,13:00,16:00
EDU-F260,Fri,08:00,10:00
EDU-F260,Wed,13:00,16:00
EDU-F260,Thu,11:00,14:00
EDU-F261,Fri,13:00,17:00
EDU-F261,Mon,08:00,12:00
EDU-F261,Wed,11:00,15:00
EDU-F262,Fri,11:00,15:00
EDU-F262,Tue,12:00,14:00
EDU-F263,Tue,10:00,14:00
EDU-F263,Thu,13:00,15:00
EDU-F263,Fri,13:00,15:00
EDU-F263,Mon,08:00,12:00
EDU-F264,Mon,11:00,13:00
EDU-F264,Thu,09:00,12:00
EDU-F264,Fri,13:00,16:00
EDU-F264,Wed,12:00,14:00
EDU-F264,Tue,08:00,11:00
EDU-F265,Tue,10:00,13:00
EDU-F265,Mon,09:00,11:00
EDU-F266,Wed,09:00,12:00
EDU-F266,Thu,09:00,12:00
EDU-F266,Fri,11:00,14:00
EDU-F266,Mon,09:00,12:00
EDU-F266,Tue,08:00,11:00
EDU-F267,Wed,13:00,15:00
EDU-F267,Thu,12:00,15:00
EDU-F267,Fri,09:00,11:00
EDU-F268,Tue,12:00,15:00
EDU-F268,Wed,11:00,15:00
EDU-F269,Tue,11:00,13:00
EDU-F269,Wed,09:00,13:00
EDU-F269,Mon,09:00,13:00
EDU-F269,Thu,10:00,12:00
EDU-F269,Fri,09:00,11:00
EDU-F270,Tue,10:00,14:00
EDU-F270,Mon,13:00,15:00
EDU-F270,Wed,09:00,13:00
EDU-F270,Fri,10:00,14:00
EDU-F270,Thu,11:00,13:00
EDU-F271,Thu,08:00,11:00
EDU-F271,Mon,08:00,11:00
EDU-F272,Tue,12:00,15:00
EDU-F272,Thu,10:00,14:00
EDU-F272,Mon,13:00,17:00
EDU-F273,Thu,11:00,15:00
EDU-F273,Tue,12:00,16:00
EDU-F274,Fri,12:00,15:00
EDU-F274,Tue,12:00,15:00
EDU-F274,Thu,09:00,13:00
EDU-F274,Mon,10:00,14:00
EDU-F275,Thu,10:00,14:00
EDU-F275,Wed,08:00,12:00
EDU-F275,Fri,13:00,15:00
EDU-F276,Tue,10:00,14:00
EDU-F276,Wed,13:00,17:00
EDU-F276,Mon,09:00,12:00
EDU-F276,Fri,10:00,12:00
EDU-F276,Thu,11:00,13:00
EDU-F277,Fri,09:00,13:00
EDU-F277,Thu,09:00,12:00
EDU-F277,Tue,13:00,17:00
EDU-F278,Thu,09:00,13:00
EDU-F278,Fri,09:00,12:00
EDU-F278,Tue,08:00,10:00
EDU-F278,Mon,12:00,14:00
EDU-F279,Fri,12:00,15:00
EDU-F279,Thu,10:00,14:00
EDU-F279,Wed,12:00,15:00
EDU-F279,Mon,10:00,14:00
EDU-F279,Tue,11:00,14:00
EDU-F280,Thu,13:00,15:00
EDU-F280,Mon,11:00,14:00
EDU-F280,Wed,08:00,12:00
